,Unnamed: 0,Stem_String,Stem_Stringg,Subjectivity,Polarity,Analysis
0,0,ars,"[play, affect, momentum, jay, sure, manag, wast, challeng, close, call, first, out, shot, foot, marixi, mercado, told, brief, humanitarian, worst, fear, health, wellb, child, realiz, mani, face, gruesom, traumat, event, live, famin, condit, learn, colbert, kimmel, fulli, vax, boost, jonathan, karl, unlucki, enough, seat, next, kardashian, covid, even, though, dinner, test, colbert, said, wife, realli, sick, three, day, doubt, covid, supplement, save, ars, lost, evil, busi, prior, covid, stimulu, save, ars, whole, thing, rort, hell, anyon, everyon, felt, need, safeguard, place, like, wors, infect, find, larg, scale, nationwid, studi]",0.5284271284271284,-0.14799291617473437,Negative
1,1,[],[],0.0,0.0,Neutral
2,2,oxford,"[level, ventil, filtrat, happen, local, branch, store, oxford]",0.0,0.0,Neutral
3,3,[],[],0.0,0.0,Neutral
4,4,[bu],[bu],0.0,0.0,Neutral
5,5,appli,"[covid, risk, rememb, anti, masker, anti, vaxxer, scream, bodi, choic, say, govern, need, stay, person, health, decis, pick, choos, narr, appli, regardless, perform, said, role, noth, one, health, support, need, achiev]",0.0,0.0,Neutral
6,6,support,"[releas, support, cla]",0.0,0.0,Neutral
7,7,tonight,"[better, solut, handth, covid, regul, come, effect, midnight, tonight, day]",0.5,0.5,Positive
8,8,today,"[health, depart, foster, mohal, came, today, explain]",0.0,0.0,Neutral
9,9,vaccin,"[report, case, skin, reaction, covid, booster, vaccin, submit, registri, find]",0.0,0.0,Neutral
10,10,life,"[skin, reaction, mild, zero, life, threaten]",0.5,0.3333333333333333,Positive
11,11,ild,"[nearli, month, health, system, beleagu, region, total, collaps, accord, health, offici, doctor, tigray, collabor, everybodi, contribut, case, ild, registri]",0.75,0.0,Neutral
12,12,"ead, full, articl","[read, full, articl]",0.55,0.35,Positive
13,13,ild,"[cutan, reaction, follow, booster, dose, administr, covid, mrna, vaccin, first, look, ild, registri]",0.3333333333333333,0.25,Positive
14,14,week,"[expect, subsequ, variant, time, leav, covid, move, rest, ever, chang, season, endem, respiratori, virusesa, pilot, program, mom, patient, spectrum, health, obgyn, resid, practic, check, week, instead, week, postpartum]",0.0,0.0,Neutral
15,15,gymnast,"[welcomewhat, silver, economi, economi, futur, becom, famili, unfriendli, high, crime, desper, replac, famili, leav, abortionist, homosexu, vaccin, mandatesnew, articl, humor, immun, sar, variant, includ, omicron, solid, organ, transplant, recipi, three, do, covid, mrna, vaccin, earli, hour, morn, defens, shot, chines, made, arm, plane, belong, saudi, forc, domest, made, surfac, missil, violat, truce, carri, hostil, act, airspac, haradh, district, hajjah, governor, nhane, probabl, heavier, especi, refer, covid, weight, gain, kassandra, charm, gymnast]",0.31999999999999995,0.08,Positive
16,16,info,"[model, info]",0.0,0.0,Neutral
17,17,assandra,[kassandra],0.0,0.0,Neutral
18,18,[shot],[shot],0.0,0.0,Neutral
19,19,brown,"[color, brown]",0.0,0.0,Neutral
20,20,brown,"[hair, color, brown]",0.0,0.0,Neutral
21,21,size,"[breast, size, smal]",0.0,0.0,Neutral
22,22,ountri,"[countri, unknown]",0.6,-0.1,Negative
23,24,oin,[join],0.0,0.0,Neutral
24,25,[],[],0.0,0.0,Neutral
25,26,isclaim,[disclaim],0.0,0.0,Neutral
26,27,health,"[right, reserv, copyright, owner, choic, activ, protect, read, tweet, dumbass, second, sentenc, show, forc, condit, coercion, recap, last, year, even, go, back, liter, week, bitch, mask, mandat, drop, mask, deni, restaur, bar, game, peopl, lost, job, get, shot, rememb, nurs, decis, bodi, health, ought, left, individu, medic, provid, opportun, reli, entir, offer, extrem, good, pop, program, actual, rais, health, care, mayb, protect, care, bodi, choic, come, vaccin, shut, nobodi, like, anywaypubl, surveil, use, phone, locat, data, monitor, church, school, determin, whether, american, follow, covid, lockdown, order]",0.18915343915343918,0.06507936507936507,Positive
27,28,sahara,"[sourc, livandu, part, intern, commun, consid, western, sahara, territori, occupi, morocco, western, sahara, leader, brahim, ghali, allow, entri, spain, last, year, covid, treatment, tension, rose]",0.25416666666666665,0.15,Positive
28,29,covid,"[definit, like, bori, half, cabinet, break, covid, law, swiftli, forgotten, ukrain, obvious, borj, interest, make, sure, attent, stay, divert, needl, attent, span, short, medic, suppli, acut, health, staff, resort, use, expir, drug, treat, chronic, condit, ten, thousand, patient, diabet, cancer, treat, month, switch, vernacular, woman, reproduct, health, decis, medic, necessari, choic, bodi, choic, rememberno, work, needi, cheapskat, client, outsid, expertis, alreadi, tri, needi, cheapskat, covid, valu, matter, pictur]",0.37111111111111106,0.06666666666666668,Positive
29,30,hospit,"[earli, test, posit, covid, upon, arriv, hospit, said]",0.0,0.0,Neutral
30,31,ist,"[list, covid, death]",0.0,0.0,Neutral
31,32,phone,"[need, spell, everyth, youhello, email, ask, upload, covid, pa, link, work, manag, book, websit, work, wait, hour, phone, custom, servic, answer, phone, line, cut, go, cancel, flight, tomorrowth, peopl, like, retweet, tweet, one, fine, woman, lose, job, compli, vaccin, mandateswhi, focu, right, birth, control, never, choic, incl, implant, iud, steril, prevent, concept, abort, rare, procedur, plan, parenthood, abl, donat, dem, rich]",0.6714285714285714,0.3443452380952381,Positive
32,33,stare,"[mani, idiot, spout, nonsens, time, talk, someth, even, exist, damag, sorri, liter, kill, peopl, beauti, shot, list, edit, month, day, final, good, traction, funni, space, work, time, obviou, stumbl, word, draw, anoth, chuckl, lip, form, grin, eye, stare]",0.8000000000000002,-0.03333333333333336,Negative
33,34,connor,"[back, star, though, connor, want, anyway]",0.0,0.0,Neutral
34,35,gordon,"[mutter, small, richarlison, gordon, pickford]",0.4,-0.25,Negative
35,36,ichi,"[richi, work, ethic, goal, given, chanc, frank]",0.0,0.0,Neutral
36,37,christma,"[gordon, improv, sinc, christma]",0.0,0.0,Neutral
37,38,benitez,"[even, constraint, benitez]",0.0,0.0,Neutral
38,39,econom,"[pickford, consist, shot, stopper, even, left, vulner, behind, absent, defenc, without, mina, utft, much, class, underli, caus, immin, like, condit, one, also, state, factual, peopl, could, save, cancer, without, covid, overrun, health, servic, hypocrisi, rife, conspiracyaft, nearli, month, health, system, beleagu, region, total, collaps, accord, health, offici, doctor, tigray, market, return, action, thursday, three, break, put, test, whether, beij, done, enough, convinc, investor, strict, covid, lockdown, hamper, effort, boost, econom, growth, rightli, depth, unreal]",0.375,-0.016666666666666666,Negative
39,40,"iven, posit","[given, posit, also, unreal]",0.0,0.0,Neutral
40,41,wealth,"[train, countri, asset, wealth]",0.0,0.0,Neutral
41,42,ell,"[hell, thought, would, work]",0.0,0.0,Neutral
42,43,american,"[airport, gupta, bifab, embassi, covid, relief, fund, covid, kill, million, american, abort, kill, million, american, equivalencywhat, shot, could, tan, nude, box, champ, look, part, bright, light, centr, ring, clear, exampl, deem, pertain]",0.37666666666666665,0.24000000000000005,Positive
43,44,[constitut],[constitut],0.0,0.0,Neutral
44,45,covid,"[reason, histor, woman, right, full, panopli, repro, health, choic, reason, base, histor, context, woman, chattel, properti, invit, health, minist, commit, meet, colleg, least, year, discu, issu, medicin, servic, work, victoria, line, first, photoshoot, month, sinc, get, covid, earli, march, still, tire, achey, time, tri, eas, back, real, life, also, like, child, also, serv, nation, covid, timesplz, give, chanc, sirlisten, voic, thnku]",0.44557823129251706,-0.0020408163265306207,Negative
45,46,doctor,"[overwork, death, year, hospit, know, doctor, overwork, must, treat, human, right, farc, system, abus, underpay, doctor, pleas, make, perman, migrant, woman, experi, mental, ill, pregci]",0.4589285714285714,-0.07857142857142857,Negative
46,47,forc,"[research, aim, improv, understand, matern, mental, health, forc, migrant, popul, world, matern, mental, health, say]",0.2,-0.1,Negative
47,48,"next, quarter","[chanc, rate, hike, covid, inflat, say, next, quarter, thing, control, puppet, fii, flow, good, news, sell, creat, panicfeel, dii, retail, licipo, geoloc, thread, along, layer, direct, shot, percept, difficult]",0.5,0.07499999999999998,Positive
48,49,acanc,[vacanc],0.0,0.0,Neutral
49,50,experi,"[devonshir, quarter, look, experienc, oper, facil, manag, experi, commerci, build, manag, health, safeti, love, hear]",0.6,0.5,Positive
50,51,"lose, date","[close, date]",0.0,0.0,Neutral
51,52,ood,"[good, luck]",0.6000000000000001,0.7,Positive
52,53,[],[],0.0,0.0,Neutral
53,54,abortifaci,"[distribut, water, bottl, help, peopl, beat, heat, internet, approv, go, akki, tata, worri, distanc, meet, real, pretti, sure, till, ahead, studi, good, health, bodi, emoji, cake, type, real, liter, pfizer, inform, came, tell, clueless, scientif, note, mask, prevent, covid, condom, work, better, pregci, still, covid, work, real, go, surpris, congress, flip, thank, horrend, year, half, biden, well, peopl, realiz, year, democrat, use, covid, excus, implement, progress, dream, destroy, world, still, covidal, dummi, talk, freedom, choic, keep, hand, bodi, forget, folk, choos, vaccin, republican, democrat, aint, friend, room, complac, govern, whose, cathol, leader, hous, think, morn, pill, abort, would, even, make, time, debat, sexual, reproduct, health, would, speak, favour, abortifaci]",0.4320987654320988,0.27037037037037037,Positive
54,55,damag,"[help, improv, vascular, health, associ, glaucoma, protect, retin, ganglion, cell, free, radic, damag, aptosi]",0.8,0.4,Positive
55,56,health,"[believ, entir, administr, known, liar, funni, right, musk, bought, twatter, assign, liber, declar, hunter, biden, laptop, russian, disinform, covid, come, stipud, liar, like, rest, think, govern, tri, kill, malaria, poverti, chokehold, babe, step, mental, health, laaila, ilala, check, framework, climat, first, municip, polici, council, member, charg, write, approv, law, health, safeti, welfar, peopl, actual, tell, understand, describ, much, need, bullet, use, shot, late, mayb, talk, physic, would, laugh, seem, real, victim, dead, babiesy, feel, someon, die, call, child, facil, nose, assum, anyth, could, vaccin, contribut, incid, matter, prayer, great, hear, excel, work, done, mental, health, well, done, princ, william, highlight, vital, ongo, work, support, avail, ask, right, question, turn, blind, mani, atroc, like, done, assad, support, putin, like, check, came, back, disastr, form, time, collect, oppos, mean, oppress, common, human, conscienc, health, servic, execut, ireland, websit, anyth, releas, pfizer, document, lmfao]",0.3359962406015038,0.015601503759398502,Positive
56,57,lreadi,"[alreadi, know, happen]",0.0,0.0,Neutral
57,58,divorc,"[sanction, covid, injuri, manag, divorc]",0.0,0.0,Neutral
58,59,support,"[realli, go, alot, even, go, back, alot, soon, give, exampl, month, wait, mental, health, support]",0.1,-0.05,Negative
59,60,help,"[contact, octob, call, decemb, elig, month, wait, late, march, notic, mail, need, book, appoint, lose, know, think, peopl, fire, get, vaccin, use, proper, pronoun, birth, person, pregt, would, like, speak, issu, well, district, manag, help, even, approv, ask, health, insur, polici, money, otherwis, month, even, repli, help, applic, pend, march, paid, kind, bribe, fair, point, connect, believ, long, covid, fictiti]",0.58,0.19,Positive
